samID	isEAE	isCD1
SRR7102862	0	1
SRR7102863	0	1
SRR7102864	0	1
SRR7102865	0	1
SRR7102866	0	1
SRR7102867	0	1
SRR7102868	0	1
SRR7102869	0	1
SRR7102870	0	1
SRR7102871	0	1
SRR7102872	0	1
SRR7102873	0	1
SRR7102874	0	1
SRR7102875	0	1
SRR7102876	0	1
SRR7102877	0	1
SRR7102878	0	1
SRR7102879	0	1
SRR7102880	0	1
SRR7102881	0	1
SRR7102882	0	1
SRR7102883	0	1
SRR7102884	0	1
SRR7102885	0	1
SRR7102886	0	1
SRR7102887	0	1
SRR7102888	0	1
SRR7102889	0	1
SRR7102890	0	1
SRR7102891	0	1
SRR7102892	0	1
SRR7102893	0	1
SRR7102894	0	1
SRR7102895	0	1
SRR7102896	0	1
SRR7102897	0	1
SRR7102898	0	1
SRR7102899	0	1
SRR7102900	0	1
SRR7102901	0	1
SRR7102902	0	1
SRR7102903	0	1
SRR7102904	0	1
SRR7102905	0	1
SRR7102906	0	1
SRR7102907	0	1
SRR7102908	0	1
SRR7102909	0	1
SRR7102910	0	1
SRR7102911	0	1
SRR7102912	0	1
SRR7102913	0	1
SRR7102914	0	1
SRR7102915	0	1
SRR7102916	0	1
SRR7102917	0	1
SRR7102918	0	1
SRR7102919	0	1
SRR7102920	0	1
SRR7102921	0	1
SRR7102922	0	1
SRR7102923	0	1
SRR7102924	0	1
SRR7102925	0	1
SRR7102926	0	1
SRR7102927	0	1
SRR7102928	0	1
SRR7102929	0	1
SRR7102930	0	1
SRR7102931	0	1
SRR7102932	0	1
SRR7102933	0	1
SRR7102934	0	1
SRR7102935	0	1
SRR7102936	0	1
SRR7102937	0	1
SRR7102938	0	1
SRR7102939	0	1
SRR7102940	0	1
SRR7102941	0	1
SRR7102942	0	1
SRR7102943	0	1
SRR7102944	0	1
SRR7102945	0	1
SRR7102946	0	1
SRR7102947	0	1
SRR7102948	0	1
SRR7102949	0	1
SRR7102950	0	1
SRR7102951	0	1
SRR7102952	0	1
SRR7102953	0	1
SRR7102954	0	1
SRR7102955	0	1
SRR7102956	0	1
SRR7102957	0	1
SRR7102958	0	1
SRR7102959	0	1
SRR7102960	0	1
SRR7102961	0	1
SRR7102962	0	1
SRR7102963	0	1
SRR7102964	0	1
SRR7102965	0	1
SRR7102966	0	1
SRR7102967	0	1
SRR7102968	0	1
SRR7102969	0	1
SRR7102970	0	1
SRR7102971	0	1
SRR7102972	0	1
SRR7102973	0	1
SRR7102974	0	1
SRR7102975	0	1
SRR7102976	0	1
SRR7102977	0	1
SRR7102978	0	1
SRR7102979	0	1
SRR7102980	0	1
SRR7102981	0	1
SRR7102982	0	1
SRR7102983	0	1
SRR7102984	0	1
SRR7102985	0	1
SRR7102986	0	1
SRR7102987	0	1
SRR7102988	0	1
SRR7102989	0	1
SRR7102990	0	1
SRR7102991	0	1
SRR7102992	0	1
SRR7102993	0	1
SRR7102994	0	1
SRR7102995	0	1
SRR7102996	0	1
SRR7102997	0	1
SRR7102998	0	1
SRR7102999	0	1
SRR7103000	0	1
SRR7103001	0	1
SRR7103002	0	1
SRR7103003	0	1
SRR7103004	0	1
SRR7103005	0	1
SRR7103006	0	1
SRR7103007	0	1
SRR7103008	0	1
SRR7103009	0	1
SRR7103010	0	1
SRR7103011	0	1
SRR7103012	0	1
SRR7103013	0	1
SRR7103014	0	1
SRR7103015	0	1
SRR7103016	0	1
SRR7103017	0	1
SRR7103018	0	1
SRR7103019	0	1
SRR7103020	0	1
SRR7103021	0	1
SRR7103022	0	1
SRR7103023	0	1
SRR7103024	0	1
SRR7103025	0	1
SRR7103026	0	1
SRR7103027	0	1
SRR7103028	0	1
SRR7103029	0	1
SRR7103030	0	1
SRR7103031	0	1
SRR7103032	0	1
SRR7103033	0	1
SRR7103034	0	1
SRR7103035	0	1
SRR7103036	0	1
SRR7103037	0	1
SRR7103038	0	1
SRR7103039	0	1
SRR7103040	0	1
SRR7103041	0	1
SRR7103042	0	1
SRR7103043	0	1
SRR7103044	0	1
SRR7103045	0	1
SRR7103046	0	1
SRR7103047	0	1
SRR7103048	0	1
SRR7103049	0	1
SRR7103050	0	1
SRR7103051	0	1
SRR7103052	0	1
SRR7103053	0	1
SRR7103054	0	1
SRR7103055	0	1
SRR7103056	0	1
SRR7103057	0	1
SRR7103058	0	1
SRR7103059	0	1
SRR7103060	0	1
SRR7103061	0	1
SRR7103062	0	1
SRR7103063	0	1
SRR7103064	0	1
SRR7103065	0	1
SRR7103066	0	1
SRR7103067	0	1
SRR7103068	0	1
SRR7103069	0	1
SRR7103070	0	1
SRR7103071	0	1
SRR7103072	0	1
SRR7103073	0	1
SRR7103074	0	1
SRR7103075	0	1
SRR7103076	0	1
SRR7103077	0	1
SRR7103078	0	1
SRR7103079	0	1
SRR7103080	0	1
SRR7103081	0	1
SRR7103082	0	1
SRR7103083	0	1
SRR7103084	0	1
SRR7103085	0	1
SRR7103086	0	1
SRR7103087	0	1
SRR7103088	0	1
SRR7103089	0	1
SRR7103090	0	1
SRR7103091	0	1
SRR7103092	0	1
SRR7103093	0	1
SRR7103094	0	1
SRR7103095	0	1
SRR7103096	0	1
SRR7103097	0	1
SRR7103098	0	1
SRR7103099	0	1
SRR7103100	0	1
SRR7103101	0	1
SRR7103102	0	1
SRR7103103	0	1
SRR7103104	0	1
SRR7103105	0	1
SRR7103106	0	1
SRR7103107	0	1
SRR7103108	0	1
SRR7103109	0	1
SRR7103110	0	1
SRR7103111	0	1
SRR7103112	0	1
SRR7103113	0	1
SRR7103114	0	1
SRR7103115	0	1
SRR7103116	0	1
SRR7103117	0	1
SRR7103118	0	1
SRR7103119	0	1
SRR7103120	0	1
SRR7103121	0	1
SRR7103122	0	1
SRR7103123	0	1
SRR7103124	0	1
SRR7103125	0	1
SRR7103126	0	1
SRR7103127	0	1
SRR7103128	0	1
SRR7103129	0	1
SRR7103130	0	1
SRR7103131	0	1
SRR7103132	0	1
SRR7103133	0	1
SRR7103134	0	1
SRR7103135	0	1
SRR7103136	0	1
SRR7103137	0	1
SRR7103138	0	1
SRR7103139	0	1
SRR7103140	0	1
SRR7103141	0	1
SRR7103142	0	1
SRR7103143	0	1
SRR7103144	0	1
SRR7103145	0	1
SRR7103146	0	1
SRR7103147	0	1
SRR7103148	0	1
SRR7103149	0	1
SRR7103150	0	1
SRR7103151	0	1
SRR7103152	0	1
SRR7103153	0	1
SRR7103154	0	1
SRR7103155	0	1
SRR7103156	0	1
SRR7103157	0	1
SRR7103158	0	1
SRR7103159	0	1
SRR7103160	0	1
SRR7103161	0	1
SRR7103162	0	1
SRR7103163	0	1
SRR7103164	0	1
SRR7103165	0	1
SRR7103166	0	1
SRR7103167	0	1
SRR7103168	0	1
SRR7103169	0	1
SRR7103170	0	1
SRR7103171	0	1
SRR7103172	0	1
SRR7103173	0	1
SRR7103174	0	1
SRR7103175	0	1
SRR7103176	0	1
SRR7103177	0	1
SRR7103178	0	1
SRR7103179	0	1
SRR7103180	0	1
SRR7103181	0	1
SRR7103182	0	1
SRR7103183	0	1
SRR7103184	0	1
SRR7103185	0	1
SRR7103186	0	1
SRR7103187	0	1
SRR7103188	0	1
SRR7103189	0	1
SRR7103190	0	1
SRR7103191	0	1
SRR7103192	0	1
SRR7103193	0	1
SRR7103194	0	1
SRR7103195	0	1
SRR7103196	0	1
SRR7103197	0	1
SRR7103198	0	1
SRR7103199	0	1
SRR7103200	0	1
SRR7103201	0	1
SRR7103202	0	1
SRR7103203	0	1
SRR7103204	0	1
SRR7103205	0	1
SRR7103206	0	1
SRR7103207	0	1
SRR7103208	0	1
SRR7103209	0	1
SRR7103210	0	1
SRR7103211	0	1
SRR7103212	0	1
SRR7103213	0	1
SRR7103214	0	1
SRR7103215	0	1
SRR7103216	0	1
SRR7103217	0	1
SRR7103218	0	1
SRR7103219	0	1
SRR7103220	0	1
SRR7103221	0	1
SRR7103222	0	1
SRR7103223	0	1
SRR7103224	0	1
SRR7103225	0	1
SRR7103226	0	1
SRR7103227	0	1
SRR7103228	0	1
SRR7103229	0	1
SRR7103230	0	1
SRR7103231	0	1
SRR7103232	0	1
SRR7103233	0	1
SRR7103234	0	1
SRR7103235	0	1
SRR7103236	0	1
SRR7103237	0	1
SRR7103238	0	1
SRR7103239	0	1
SRR7103240	0	1
SRR7103241	0	1
SRR7103242	0	1
SRR7103243	0	1
SRR7103244	0	1
SRR7103245	0	1
SRR7103246	0	1
SRR7103247	0	1
SRR7103248	0	1
SRR7103249	0	1
SRR7103250	0	1
SRR7103251	0	1
SRR7103252	0	1
SRR7103253	0	1
SRR7103254	0	1
SRR7103255	0	1
SRR7103256	0	1
SRR7103257	0	1
SRR7103258	0	1
SRR7103259	0	1
SRR7103260	0	1
SRR7103261	0	1
SRR7103262	0	1
SRR7103263	0	1
SRR7103264	0	1
SRR7103265	0	1
SRR7103266	0	1
SRR7103267	0	1
SRR7103268	0	1
SRR7103269	0	1
SRR7103270	0	1
SRR7103271	0	1
SRR7103272	0	1
SRR7103273	0	1
SRR7103274	0	1
SRR7103275	0	1
SRR7103276	0	1
SRR7103277	0	1
SRR7103278	0	1
SRR7103279	0	1
SRR7103280	0	1
SRR7103281	0	1
SRR7103282	0	1
SRR7103283	0	1
SRR7103284	0	1
SRR7103285	0	1
SRR7103286	0	1
SRR7103287	0	1
SRR7103288	0	1
SRR7103289	0	1
SRR7103290	0	1
SRR7103291	0	1
SRR7103292	0	1
SRR7103293	0	1
SRR7103294	0	1
SRR7103295	0	1
SRR7103296	0	1
SRR7103297	0	1
SRR7103298	0	1
SRR7103299	0	1
SRR7103300	0	1
SRR7103301	0	1
SRR7103302	0	1
SRR7103303	0	1
SRR7103304	0	1
SRR7103305	0	1
SRR7103306	0	1
SRR7103307	0	1
SRR7103308	0	1
SRR7103309	0	1
SRR7103310	0	1
SRR7103311	0	1
SRR7103312	0	1
SRR7103313	0	1
SRR7103314	0	1
SRR7103315	0	1
SRR7103316	0	1
SRR7103317	0	1
SRR7103318	0	1
SRR7103319	0	1
SRR7103320	0	1
SRR7103321	0	1
SRR7103322	0	1
SRR7103323	0	1
SRR7103324	0	1
SRR7103325	0	1
SRR7103326	0	1
SRR7103327	0	1
SRR7103328	0	1
SRR7103329	0	1
SRR7103330	0	1
SRR7103331	0	1
SRR7103332	0	1
SRR7103333	0	1
SRR7103334	0	1
SRR7103335	0	1
SRR7103336	0	1
SRR7103337	0	1
SRR7103338	0	1
SRR7103339	0	1
SRR7103340	0	1
SRR7103341	0	1
SRR7103342	0	1
SRR7103343	0	1
SRR7103344	0	1
SRR7103345	0	1
SRR7103346	0	1
SRR7103347	0	1
SRR7103348	0	1
SRR7103349	0	1
SRR7103350	0	1
SRR7103351	0	1
SRR7103352	0	1
SRR7103353	0	1
SRR7103354	0	1
SRR7103355	0	1
SRR7103356	0	1
SRR7103357	0	1
SRR7103358	0	1
SRR7103359	0	1
SRR7103360	0	1
SRR7103361	0	1
SRR7103362	0	1
SRR7103363	0	1
SRR7103364	0	1
SRR7103365	0	1
SRR7103366	0	1
SRR7103367	0	1
SRR7103368	0	1
SRR7103369	0	1
SRR7103370	0	1
SRR7103371	0	1
SRR7103372	0	1
SRR7103373	0	1
SRR7103374	0	1
SRR7103375	0	1
SRR7103376	0	1
SRR7103377	0	1
SRR7103378	0	1
SRR7103379	0	1
SRR7103380	0	1
SRR7103381	0	1
SRR7103382	0	1
SRR7103383	0	1
SRR7103384	0	1
SRR7103385	0	1
SRR7103386	0	1
SRR7103387	0	1
SRR7103388	0	1
SRR7103389	0	1
SRR7103390	0	1
SRR7103391	0	1
SRR7103392	0	1
SRR7103393	0	1
SRR7103394	0	1
SRR7103395	0	1
SRR7103396	0	1
SRR7103397	0	1
SRR7103398	0	1
SRR7103399	0	1
SRR7103400	0	1
SRR7103401	0	1
SRR7103402	0	1
SRR7103403	0	1
SRR7103404	0	1
SRR7103405	0	1
SRR7103406	0	1
SRR7103407	0	1
SRR7103408	0	1
SRR7103409	0	1
SRR7103410	0	1
SRR7103411	0	1
SRR7103412	0	1
SRR7103413	0	1
SRR7103414	0	1
SRR7103415	0	1
SRR7103416	0	1
SRR7103417	0	1
SRR7103418	0	1
SRR7103419	0	1
SRR7103420	0	1
SRR7103421	0	1
SRR7103422	0	1
SRR7103423	0	1
SRR7103424	0	1
SRR7103425	0	1
SRR7103426	0	1
SRR7103427	0	1
SRR7103428	0	1
SRR7103429	0	1
SRR7103430	0	1
SRR7103431	0	1
SRR7103432	0	1
SRR7103433	0	1
SRR7103434	0	1
SRR7103435	0	1
SRR7103436	0	1
SRR7103437	0	1
SRR7103438	0	1
SRR7103439	0	1
SRR7103440	0	1
SRR7103441	0	1
SRR7103442	0	1
SRR7103443	0	1
SRR7103444	0	1
SRR7103445	0	1
SRR7103446	0	1
SRR7103447	0	1
SRR7103448	0	1
SRR7103449	0	1
SRR7103450	0	1
SRR7103451	0	1
SRR7103452	0	1
SRR7103453	0	1
SRR7103454	0	1
SRR7103455	0	1
SRR7103456	0	1
SRR7103457	0	1
SRR7103458	0	1
SRR7103459	0	1
SRR7103460	0	1
SRR7103461	0	1
SRR7103462	0	1
SRR7103463	0	1
SRR7103464	0	1
SRR7103465	0	1
SRR7103466	0	1
SRR7103467	0	1
SRR7103468	0	1
SRR7103469	0	1
SRR7103470	0	1
SRR7103471	0	1
SRR7103472	0	1
SRR7103473	0	1
SRR7103474	0	1
SRR7103475	0	1
SRR7103476	0	1
SRR7103477	0	1
SRR7103478	0	1
SRR7103479	0	1
SRR7103480	0	1
SRR7103481	0	1
SRR7103482	0	1
SRR7103483	0	1
SRR7103484	0	1
SRR7103485	0	1
SRR7103486	0	1
SRR7103487	0	1
SRR7103488	0	1
SRR7103489	0	1
SRR7103490	0	1
SRR7103491	0	1
SRR7103492	0	1
SRR7103493	0	1
SRR7103494	0	1
SRR7103495	0	1
SRR7103496	0	1
SRR7103497	0	1
SRR7103498	0	1
SRR7103499	0	1
SRR7103500	0	1
SRR7103501	0	1
SRR7103502	0	1
SRR7103503	0	1
SRR7103504	0	1
SRR7103505	0	1
SRR7103506	0	1
SRR7103507	0	1
SRR7103508	0	1
SRR7103509	0	1
SRR7103510	0	1
SRR7103511	0	1
SRR7103512	0	1
SRR7103513	0	1
SRR7103514	0	1
SRR7103515	0	1
SRR7103516	0	1
SRR7103517	0	1
SRR7103518	0	1
SRR7103519	0	1
SRR7103520	0	1
SRR7103521	0	1
SRR7103522	0	1
SRR7103523	0	1
SRR7103524	0	1
SRR7103525	0	1
SRR7103526	0	1
SRR7103527	0	1
SRR7103528	0	1
SRR7103529	0	1
SRR7103530	0	1
SRR7103531	0	1
SRR7103532	0	1
SRR7103533	0	1
SRR7103534	0	1
SRR7103535	0	1
SRR7103536	0	1
SRR7103537	0	1
SRR7103538	0	1
SRR7103539	0	1
SRR7103540	0	1
SRR7103541	0	1
SRR7103542	0	1
SRR7103544	0	1
SRR7103545	0	1
SRR7103546	0	1
SRR7103547	0	1
SRR7103548	0	1
SRR7103549	0	1
SRR7103550	0	1
SRR7103551	0	1
SRR7103552	0	1
SRR7103553	0	1
SRR7103554	0	1
SRR7103555	0	1
SRR7103556	0	1
SRR7103557	0	1
SRR7103558	0	1
SRR7103559	0	1
SRR7103560	0	1
SRR7103561	0	1
SRR7103562	0	1
SRR7103563	0	1
SRR7103564	0	1
SRR7103565	0	1
SRR7103566	0	1
SRR7103567	0	1
SRR7103568	0	1
SRR7103569	0	1
SRR7103570	0	1
SRR7103571	0	1
SRR7103572	0	1
SRR7103573	0	1
SRR7103574	0	1
SRR7103575	0	1
SRR7103576	0	1
SRR7103577	0	1
SRR7103578	0	1
SRR7103579	0	1
SRR7103580	0	1
SRR7103581	0	1
SRR7103582	0	1
SRR7103583	0	1
SRR7103584	0	1
SRR7103585	0	1
SRR7103586	0	1
SRR7103587	0	1
SRR7103588	0	1
SRR7103589	0	1
SRR7103590	0	1
SRR7103591	0	1
SRR7103592	0	1
SRR7103593	0	1
SRR7103594	0	1
SRR7103595	0	1
SRR7103596	0	1
SRR7103597	0	1
SRR7103598	0	1
SRR7103599	1	0
SRR7103600	1	0
SRR7103601	1	0
SRR7103602	1	0
SRR7103603	1	0
SRR7103604	1	0
SRR7103605	1	0
SRR7103606	1	0
SRR7103607	1	0
SRR7103608	1	0
SRR7103609	1	0
SRR7103610	1	0
SRR7103611	1	0
SRR7103612	1	0
SRR7103613	1	0
SRR7103614	1	0
SRR7103615	1	0
SRR7103616	1	0
SRR7103617	1	0
SRR7103618	1	0
SRR7103619	1	0
SRR7103620	1	0
SRR7103621	1	0
SRR7103622	1	0
SRR7103623	1	0
SRR7103624	1	0
SRR7103625	1	0
SRR7103626	1	0
SRR7103627	1	0
SRR7103628	1	0
SRR7103629	1	0
SRR7103630	1	0
SRR7103631	1	0
SRR7103632	1	0
SRR7103633	1	0
SRR7103634	1	0
SRR7103635	1	0
SRR7103636	1	0
SRR7103637	1	0
SRR7103638	1	0
SRR7103639	1	0
SRR7103640	1	0
SRR7103641	1	0
SRR7103642	1	0
SRR7103643	1	0
SRR7103644	1	0
SRR7103645	1	0
SRR7103646	1	0
SRR7103647	1	0
SRR7103648	1	0
SRR7103649	1	0
SRR7103650	1	0
SRR7103651	1	0
SRR7103652	1	0
SRR7103653	1	0
SRR7103654	1	0
SRR7103655	1	0
SRR7103656	1	0
SRR7103657	1	0
SRR7103658	1	0
SRR7103659	1	0
SRR7103660	1	0
SRR7103661	1	0
SRR7103662	1	0
SRR7103663	1	0
SRR7103664	1	0
SRR7103665	1	0
SRR7103666	1	0
SRR7103667	1	0
SRR7103668	1	0
SRR7103669	1	0
SRR7103670	1	0
SRR7103671	1	0
SRR7103672	1	0
SRR7103673	1	0
SRR7103674	1	0
SRR7103675	1	0
SRR7103676	1	0
SRR7103677	1	0
SRR7103678	1	0
SRR7103679	1	0
SRR7103680	1	0
SRR7103681	1	0
SRR7103682	1	0
SRR7103683	1	0
SRR7103684	1	0
SRR7103685	1	0
SRR7103686	1	0
SRR7103687	1	0
SRR7103688	1	0
SRR7103689	1	0
SRR7103690	1	0
SRR7103691	1	0
SRR7103692	1	0
SRR7103693	1	0
SRR7103694	1	0
SRR7103695	1	0
SRR7103696	1	0
SRR7103697	1	0
SRR7103698	1	0
SRR7103699	1	0
SRR7103700	1	0
SRR7103701	1	0
SRR7103702	1	0
SRR7103703	1	0
SRR7103704	1	0
SRR7103705	1	0
SRR7103706	1	0
SRR7103707	1	0
SRR7103708	1	0
SRR7103709	1	0
SRR7103710	1	0
SRR7103711	1	0
SRR7103712	1	0
SRR7103713	1	0
SRR7103714	1	0
SRR7103715	1	0
SRR7103716	1	0
SRR7103717	1	0
SRR7103718	1	0
SRR7103719	1	0
SRR7103720	1	0
SRR7103721	1	0
SRR7103722	1	0
SRR7103723	1	0
SRR7103724	1	0
SRR7103725	1	0
SRR7103726	1	0
SRR7103727	1	0
SRR7103728	1	0
SRR7103729	1	0
SRR7103730	1	0
SRR7103731	1	0
SRR7103732	1	0
SRR7103733	1	0
SRR7103734	1	0
SRR7103735	1	0
SRR7103736	1	0
SRR7103737	1	0
SRR7103738	1	0
SRR7103739	1	0
SRR7103740	1	0
SRR7103741	1	0
SRR7103742	1	0
SRR7103743	1	0
SRR7103744	1	0
SRR7103745	1	0
SRR7103746	1	0
SRR7103747	1	0
SRR7103748	1	0
SRR7103749	1	0
SRR7103750	1	0
SRR7103751	1	0
SRR7103752	1	0
SRR7103753	1	0
SRR7103754	1	0
SRR7103755	1	0
SRR7103756	1	0
SRR7103757	1	0
SRR7103758	1	0
SRR7103759	1	0
SRR7103760	1	0
SRR7103761	1	0
SRR7103762	1	0
SRR7103763	1	0
SRR7103764	1	0
SRR7103765	1	0
SRR7103766	1	0
SRR7103767	1	0
SRR7103768	1	0
SRR7103769	1	0
SRR7103770	1	0
SRR7103771	1	0
SRR7103772	1	0
SRR7103773	1	0
SRR7103774	1	0
SRR7103775	1	0
SRR7103776	1	0
SRR7103777	1	0
SRR7103778	1	0
SRR7103779	1	0
SRR7103780	1	0
SRR7103781	1	0
SRR7103782	1	0
SRR7103783	1	0
SRR7103784	1	0
SRR7103785	1	0
SRR7103786	1	0
SRR7103787	1	0
SRR7103788	1	0
SRR7103789	1	0
SRR7103790	1	0
SRR7103791	1	0
SRR7103792	1	0
SRR7103793	1	0
SRR7103794	1	0
SRR7103795	1	0
SRR7103796	1	0
SRR7103797	1	0
SRR7103798	1	0
SRR7103799	1	0
SRR7103800	1	0
SRR7103801	1	0
SRR7103802	1	0
SRR7103803	1	0
SRR7103804	1	0
SRR7103805	1	0
SRR7103806	1	0
SRR7103807	1	0
SRR7103808	1	0
SRR7103809	1	0
SRR7103810	1	0
SRR7103811	1	0
SRR7103812	1	0
SRR7103813	1	0
SRR7103814	1	0
SRR7103815	1	0
SRR7103816	1	0
SRR7103817	1	0
SRR7103818	1	0
SRR7103819	1	0
SRR7103820	1	0
SRR7103821	1	0
SRR7103822	1	0
SRR7103823	1	0
SRR7103824	1	0
SRR7103825	1	0
SRR7103826	1	0
SRR7103827	1	0
SRR7103828	1	0
SRR7103829	1	0
SRR7103830	1	0
SRR7103831	1	0
SRR7103832	1	0
SRR7103833	1	0
SRR7103834	1	0
SRR7103835	1	0
SRR7103836	1	0
SRR7103837	1	0
SRR7103838	1	0
SRR7103839	1	0
SRR7103840	1	0
SRR7103841	1	0
SRR7103842	1	0
SRR7103843	1	0
SRR7103844	1	0
SRR7103845	1	0
SRR7103846	1	0
SRR7103847	1	0
SRR7103848	1	0
SRR7103849	1	0
SRR7103850	1	0
SRR7103851	1	0
SRR7103852	1	0
SRR7103853	1	0
SRR7103854	1	0
SRR7103855	1	0
SRR7103856	1	0
SRR7103857	1	0
SRR7103858	1	0
SRR7103859	1	0
SRR7103860	1	0
SRR7103861	1	0
SRR7103862	1	0
SRR7103863	1	0
SRR7103864	1	0
SRR7103865	1	0
SRR7103866	1	0
SRR7103867	1	0
SRR7103868	1	0
SRR7103869	1	0
SRR7103870	1	0
SRR7103871	1	0
SRR7103872	1	0
SRR7103873	1	0
SRR7103874	1	0
SRR7103875	1	0
SRR7103876	1	0
SRR7103877	1	0
SRR7103878	1	0
SRR7103879	1	0
SRR7103880	1	0
SRR7103881	1	0
SRR7103882	1	0
SRR7103883	1	0
SRR7103884	1	0
SRR7103885	1	0
SRR7103886	1	0
SRR7103887	1	0
SRR7103888	1	0
SRR7103889	1	0
SRR7103890	1	0
SRR7103891	1	0
SRR7103892	1	0
SRR7103893	1	0
SRR7103894	1	0
SRR7103895	1	0
SRR7103896	1	0
SRR7103897	1	0
SRR7103898	1	0
SRR7103899	1	0
SRR7103900	1	0
SRR7103901	1	0
SRR7103902	1	0
SRR7103903	1	0
SRR7103904	1	0
SRR7103905	1	0
SRR7103906	1	0
SRR7103907	1	0
SRR7103908	1	0
SRR7103909	1	0
SRR7103910	1	0
SRR7103911	1	0
SRR7103912	1	0
SRR7103913	1	0
SRR7103914	1	0
SRR7103915	1	0
SRR7103916	1	0
SRR7103917	1	0
SRR7103918	1	0
SRR7103919	1	0
SRR7103920	1	0
SRR7103921	1	0
SRR7103922	1	0
SRR7103923	1	0
SRR7103924	1	0
SRR7103925	1	0
SRR7103926	1	0
SRR7103927	1	0
SRR7103928	1	0
SRR7103929	1	0
SRR7103930	1	0
SRR7103931	1	0
SRR7103932	1	0
SRR7103933	1	0
SRR7103934	1	0
SRR7103935	1	0
SRR7103936	1	0
SRR7103937	1	0
SRR7103938	1	0
SRR7103939	1	0
SRR7103940	1	0
SRR7103941	1	0
SRR7103942	1	0
SRR7103943	1	0
SRR7103944	1	0
SRR7103945	1	0
SRR7103946	1	0
SRR7103947	1	0
SRR7103948	1	0
SRR7103949	1	0
SRR7103950	1	0
SRR7103951	1	0
SRR7103952	1	0
SRR7103953	1	0
SRR7103954	1	0
SRR7103955	1	0
SRR7103956	1	0
SRR7103957	1	0
SRR7103958	1	0
SRR7103959	1	0
SRR7103960	1	0
SRR7103961	1	0
SRR7103962	1	0
SRR7103963	1	0
SRR7103964	1	0
SRR7103965	1	0
SRR7103966	1	0
SRR7103967	1	1
SRR7103968	1	1
SRR7103969	1	1
SRR7103970	1	1
SRR7103971	1	1
SRR7103972	1	1
SRR7103973	1	1
SRR7103974	1	1
SRR7103975	1	1
SRR7103976	1	1
SRR7103977	1	1
SRR7103978	1	1
SRR7103979	1	1
SRR7103980	1	1
SRR7103981	1	1
SRR7103982	1	1
SRR7103983	1	1
SRR7103984	1	1
SRR7103985	1	1
SRR7103986	1	1
SRR7103987	1	1
SRR7103988	1	1
SRR7103989	1	1
SRR7103990	1	1
SRR7103991	1	1
SRR7103992	1	1
SRR7103993	1	1
SRR7103994	1	1
SRR7103995	1	1
SRR7103996	1	1
SRR7103997	1	1
SRR7103998	1	1
SRR7103999	1	1
SRR7104000	1	1
SRR7104001	1	1
SRR7104002	1	1
SRR7104003	1	1
SRR7104004	1	1
SRR7104005	1	1
SRR7104006	1	1
SRR7104007	1	1
SRR7104008	1	1
SRR7104009	1	1
SRR7104010	1	1
SRR7104011	1	1
SRR7104012	1	1
SRR7104013	1	1
SRR7104014	1	1
SRR7104015	1	1
SRR7104016	1	1
SRR7104017	1	1
SRR7104018	1	1
SRR7104019	1	1
SRR7104020	1	1
SRR7104021	1	1
SRR7104022	1	1
SRR7104023	1	1
SRR7104024	1	1
SRR7104025	1	1
SRR7104026	1	1
SRR7104027	1	1
SRR7104028	1	1
SRR7104029	1	1
SRR7104030	1	1
SRR7104031	1	1
SRR7104032	1	1
SRR7104033	1	1
SRR7104034	1	1
SRR7104035	1	1
SRR7104036	1	1
SRR7104037	1	1
SRR7104038	1	1
SRR7104039	1	1
SRR7104040	1	1
SRR7104041	1	1
SRR7104042	1	1
SRR7104043	1	1
SRR7104044	1	1
SRR7104045	1	1
SRR7104046	1	1
SRR7104047	1	1
SRR7104048	1	1
SRR7104049	1	1
SRR7104050	1	1
SRR7104051	1	1
SRR7104052	1	1
SRR7104053	1	1
SRR7104054	1	1
SRR7104055	1	1
SRR7104056	1	1
SRR7104057	1	1
SRR7104058	1	1
SRR7104059	1	1
SRR7104060	1	1
SRR7104061	1	1
SRR7104062	1	1
SRR7104063	1	1
SRR7104064	1	1
SRR7104065	1	1
SRR7104066	1	1
SRR7104067	1	1
SRR7104068	1	1
SRR7104069	1	1
SRR7104070	1	1
SRR7104071	1	1
SRR7104072	1	1
SRR7104073	1	1
SRR7104074	1	1
SRR7104075	1	1
SRR7104076	1	1
SRR7104077	1	1
SRR7104078	1	1
SRR7104079	1	1
SRR7104080	1	1
SRR7104081	1	1
SRR7104082	1	1
SRR7104083	1	1
SRR7104084	1	1
SRR7104085	1	1
SRR7104086	1	1
SRR7104087	1	1
SRR7104088	1	1
SRR7104089	1	1
SRR7104090	1	1
SRR7104091	1	1
SRR7104092	1	1
SRR7104093	1	1
SRR7104094	1	1
SRR7104095	1	1
SRR7104096	1	1
SRR7104097	1	1
SRR7104098	1	1
SRR7104099	1	1
SRR7104100	1	1
SRR7104101	1	1
SRR7104102	1	1
SRR7104103	1	1
SRR7104104	1	1
SRR7104105	1	1
SRR7104106	1	1
SRR7104107	1	1
SRR7104108	1	1
SRR7104109	1	1
SRR7104110	1	1
SRR7104111	1	1
SRR7104112	1	1
SRR7104113	1	1
SRR7104114	1	1
SRR7104115	1	1
SRR7104116	1	1
SRR7104117	1	1
SRR7104118	1	1
SRR7104119	1	1
SRR7104120	1	1
SRR7104121	1	1
SRR7104122	1	1
SRR7104123	1	1
SRR7104124	1	1
SRR7104125	1	1
SRR7104126	1	1
SRR7104127	1	1
SRR7104128	1	1
SRR7104129	1	1
SRR7104130	1	1
SRR7104131	1	1
SRR7104132	1	1
SRR7104133	1	1
SRR7104134	1	1
SRR7104135	1	1
SRR7104136	1	1
SRR7104137	1	1
SRR7104138	1	1
SRR7104139	1	1
SRR7104140	1	1
SRR7104141	1	1
SRR7104142	1	1
SRR7104143	1	1
SRR7104144	1	1
SRR7104145	1	1
SRR7104146	1	1
SRR7104147	1	1
SRR7104148	1	1
SRR7104149	1	1
SRR7104150	1	1
SRR7104151	1	1
SRR7104152	1	1
SRR7104153	1	1
SRR7104154	1	1
SRR7104155	1	1
SRR7104156	1	1
SRR7104157	1	1
SRR7104158	1	1
SRR7104159	1	1
SRR7104160	1	1
SRR7104161	1	1
SRR7104162	1	1
SRR7104163	1	1
SRR7104164	1	1
SRR7104165	1	1
SRR7104166	1	1
SRR7104167	1	1
SRR7104168	1	1
SRR7104169	1	1
SRR7104170	1	1
SRR7104171	1	1
SRR7104172	1	1
SRR7104173	1	1
SRR7104174	1	1
SRR7104175	1	1
SRR7104176	1	1
SRR7104177	1	1
SRR7104178	1	1
SRR7104179	1	1
SRR7104180	1	1
SRR7104181	1	1
SRR7104182	1	1
SRR7104183	1	1
SRR7104184	1	1
SRR7104185	1	1
SRR7104186	1	1
SRR7104187	1	1
SRR7104188	1	1
SRR7104189	1	1
SRR7104190	1	1
SRR7104191	1	1
SRR7104192	1	1
SRR7104193	1	1
SRR7104194	1	1
SRR7104195	1	1
SRR7104196	1	1
SRR7104197	1	1
SRR7104198	1	1
SRR7104199	1	1
SRR7104200	1	1
SRR7104201	1	1
SRR7104202	1	1
SRR7104203	1	1
SRR7104204	1	1
SRR7104205	1	1
SRR7104206	1	1
SRR7104207	1	1
SRR7104208	1	1
SRR7104209	1	1
SRR7104210	1	1
SRR7104211	1	1
SRR7104212	1	1
SRR7104213	1	1
SRR7104214	1	1
SRR7104215	1	1
SRR7104216	1	1
SRR7104217	1	1
SRR7104218	1	1
SRR7104219	1	1
SRR7104220	1	1
SRR7104221	1	1
SRR7104222	1	1
SRR7104223	1	1
SRR7104224	1	1
SRR7104225	1	1
SRR7104226	1	1
SRR7104227	1	1
SRR7104228	1	1
SRR7104229	1	1
SRR7104230	1	1
SRR7104231	1	1
SRR7104232	1	1
SRR7104233	1	1
SRR7104234	1	1
SRR7104235	1	1
SRR7104236	1	1
SRR7104237	1	1
SRR7104238	1	1
SRR7104239	1	1
SRR7104240	1	1
SRR7104241	1	1
SRR7104242	1	1
SRR7104243	1	1
SRR7104244	1	1
SRR7104245	1	1
SRR7104246	1	1
SRR7104247	1	1
SRR7104248	1	1
SRR7104249	1	1
SRR7104250	1	1
SRR7104251	1	1
SRR7104252	1	1
SRR7104253	1	1
SRR7104254	1	1
SRR7104255	1	1
SRR7104256	1	1
SRR7104257	1	1
SRR7104258	1	1
SRR7104259	1	1
SRR7104260	1	1
SRR7104261	1	1
SRR7104262	1	1
SRR7104263	1	1
SRR7104264	1	1
SRR7104265	1	1
SRR7104266	1	1
SRR7104267	1	1
SRR7104268	1	1
SRR7104269	1	1
SRR7104270	1	1
SRR7104271	1	1
SRR7104272	1	1
SRR7104273	1	1
SRR7104274	1	1
SRR7104275	1	1
SRR7104276	1	1
SRR7104277	1	1
SRR7104278	1	1
SRR7104279	1	1
SRR7104280	1	1
SRR7104281	1	1
SRR7104282	1	1
SRR7104283	1	1
SRR7104284	1	1
SRR7104285	1	1
SRR7104286	1	1
SRR7104287	1	1
SRR7104288	1	1
SRR7104289	1	1
SRR7104290	1	1
SRR7104291	1	1
SRR7104292	1	1
SRR7104293	1	1
SRR7104294	1	1
SRR7104295	1	1
SRR7104296	1	1
SRR7104297	1	1
SRR7104298	1	1
SRR7104299	1	1
SRR7104300	1	1
SRR7104301	1	1
SRR7104302	1	1
SRR7104303	1	1
SRR7104304	1	1
SRR7104305	1	1
SRR7104306	1	1
SRR7104307	1	1
SRR7104308	1	1
SRR7104309	1	1
SRR7104310	1	1
SRR7104311	1	1
SRR7104312	1	1
SRR7104313	1	1
SRR7104314	1	1
SRR7104315	1	1
SRR7104316	1	1
SRR7104317	1	1
SRR7104318	1	1
SRR7104319	1	1
SRR7104320	1	1
SRR7104321	1	1
SRR7104322	1	1
SRR7104323	1	1
SRR7104324	1	1
SRR7104325	1	1
SRR7104326	1	1
SRR7104327	1	1
SRR7104328	1	1
SRR7104329	1	1
SRR7104330	1	1
SRR7104331	1	1
SRR7104332	1	1
SRR7104333	1	1
SRR7104334	1	1
SRR7104335	1	0
SRR7104336	1	0
SRR7104337	1	0
SRR7104338	1	0
SRR7104339	1	0
SRR7104340	1	0
SRR7104341	1	0
SRR7104342	1	0
SRR7104343	1	0
SRR7104344	1	0
SRR7104345	1	0
SRR7104346	1	0
SRR7104347	1	0
SRR7104348	1	0
SRR7104349	1	0
SRR7104350	1	0
SRR7104351	1	0
SRR7104352	1	0
SRR7104353	1	0
SRR7104354	1	0
SRR7104355	1	0
SRR7104356	1	0
SRR7104357	1	0
SRR7104358	1	0
SRR7104359	1	0
SRR7104360	1	0
SRR7104361	1	0
SRR7104362	1	0
SRR7104363	1	0
SRR7104364	1	0
SRR7104365	1	0
SRR7104366	1	0
SRR7104367	1	0
SRR7104368	1	0
SRR7104369	1	0
SRR7104370	1	0
SRR7104371	1	0
SRR7104372	1	0
SRR7104373	1	0
SRR7104374	1	0
SRR7104375	1	0
SRR7104376	1	0
SRR7104377	1	0
SRR7104378	1	0
SRR7104379	1	0
SRR7104380	1	0
SRR7104381	1	0
SRR7104382	1	0
SRR7104383	1	0
SRR7104384	1	0
SRR7104385	1	0
SRR7104386	1	0
SRR7104387	1	0
SRR7104388	1	0
SRR7104389	1	0
SRR7104390	1	0
SRR7104391	1	0
SRR7104392	1	0
SRR7104393	1	0
SRR7104394	1	0
SRR7104395	1	0
SRR7104396	1	0
SRR7104397	1	0
SRR7104398	1	0
SRR7104399	1	0
SRR7104400	1	0
SRR7104401	1	0
SRR7104402	1	0
SRR7104403	1	0
SRR7104404	1	0
SRR7104405	1	0
SRR7104406	1	0
SRR7104407	1	0
SRR7104408	1	0
SRR7104409	1	0
SRR7104410	1	0
SRR7104411	1	0
SRR7104412	1	0
SRR7104413	1	0
SRR7104414	1	0
SRR7104415	1	0
SRR7104416	1	0
SRR7104417	1	0
SRR7104418	1	0
SRR7104419	1	0
SRR7104420	1	0
SRR7104421	1	0
SRR7104422	1	0
SRR7104423	1	0
SRR7104424	1	0
SRR7104425	1	0
SRR7104426	1	0
SRR7104427	1	0
SRR7104428	1	0
SRR7104429	1	0
SRR7104430	1	0
SRR7104431	1	0
SRR7104432	1	0
SRR7104433	1	0
SRR7104434	1	0
SRR7104435	1	0
SRR7104436	1	0
SRR7104437	1	0
SRR7104438	1	0
SRR7104439	1	0
SRR7104440	1	0
SRR7104441	1	0
SRR7104442	1	0
SRR7104443	1	0
SRR7104444	1	0
SRR7104445	1	0
SRR7104446	1	0
SRR7104447	1	0
SRR7104448	1	0
SRR7104449	1	0
SRR7104450	1	0
SRR7104451	1	0
SRR7104452	1	0
SRR7104453	1	0
SRR7104454	1	0
SRR7104455	1	0
SRR7104456	1	0
SRR7104457	1	0
SRR7104458	1	0
SRR7104459	1	0
SRR7104460	1	0
SRR7104461	1	0
SRR7104462	1	0
SRR7104463	1	0
SRR7104464	1	0
SRR7104465	1	0
SRR7104466	1	0
SRR7104467	1	0
SRR7104468	1	0
SRR7104469	1	0
SRR7104470	1	0
SRR7104471	1	0
SRR7104472	1	0
SRR7104473	1	0
SRR7104474	1	0
SRR7104475	1	0
SRR7104476	1	0
SRR7104477	1	0
SRR7104478	1	0
SRR7104479	1	0
SRR7104480	1	0
SRR7104481	1	0
SRR7104482	1	0
SRR7104483	1	0
SRR7104484	1	0
SRR7104485	1	0
SRR7104486	1	0
SRR7104487	1	0
SRR7104488	1	0
SRR7104489	1	0
SRR7104490	1	0
SRR7104491	1	0
SRR7104492	1	0
SRR7104493	1	0
SRR7104494	1	0
SRR7104495	1	0
SRR7104496	1	0
SRR7104497	1	0
SRR7104498	1	0
SRR7104499	1	0
SRR7104500	1	0
SRR7104501	1	0
SRR7104502	1	0
SRR7104503	1	0
SRR7104504	1	0
SRR7104505	1	0
SRR7104506	1	0
SRR7104507	1	0
SRR7104508	1	0
SRR7104509	1	0
SRR7104510	1	0
SRR7104511	1	0
SRR7104512	1	0
SRR7104513	1	0
SRR7104514	1	0
SRR7104515	1	0
SRR7104516	1	0
SRR7104517	1	0
SRR7104518	1	0
SRR7104519	1	0
SRR7104520	1	0
SRR7104521	1	0
SRR7104522	1	0
SRR7104523	1	0
SRR7104524	1	0
SRR7104525	1	0
SRR7104526	1	0
SRR7104527	1	0
SRR7104528	1	0
SRR7104529	1	0
SRR7104530	1	0
SRR7104531	1	0
SRR7104532	1	0
SRR7104533	1	0
SRR7104534	1	0
SRR7104535	1	0
SRR7104536	1	0
SRR7104537	1	0
SRR7104538	1	0
SRR7104539	1	0
SRR7104540	1	0
SRR7104541	1	0
SRR7104542	1	0
SRR7104543	1	0
SRR7104544	1	0
SRR7104545	1	0
SRR7104546	1	0
SRR7104547	1	0
SRR7104548	1	0
SRR7104549	1	0
SRR7104550	1	0
SRR7104551	1	0
SRR7104552	1	0
SRR7104553	1	0
SRR7104554	1	0
SRR7104555	1	0
SRR7104556	1	0
SRR7104557	1	0
SRR7104558	1	0
SRR7104559	1	0
SRR7104560	1	0
SRR7104561	1	0
SRR7104562	1	0
SRR7104563	1	0
SRR7104564	1	0
SRR7104565	1	0
SRR7104566	1	0
SRR7104567	1	0
SRR7104568	1	0
SRR7104569	1	0
SRR7104570	1	0
SRR7104571	1	0
SRR7104572	1	0
SRR7104573	1	0
SRR7104574	1	0
SRR7104575	1	0
SRR7104576	1	0
SRR7104577	1	0
SRR7104578	1	0
SRR7104579	1	0
SRR7104580	1	0
SRR7104581	1	0
SRR7104582	1	0
SRR7104583	1	0
SRR7104584	1	0
SRR7104585	1	0
SRR7104586	1	0
SRR7104587	1	0
SRR7104588	1	0
SRR7104589	1	0
SRR7104590	1	0
SRR7104591	1	0
SRR7104592	1	0
SRR7104593	1	0
SRR7104594	1	0
SRR7104595	1	0
SRR7104596	1	0
SRR7104597	1	0
SRR7104598	1	0
SRR7104599	1	0
SRR7104600	1	0
SRR7104601	1	0
SRR7104602	1	0
SRR7104603	1	0
SRR7104604	1	0
SRR7104605	1	0
SRR7104606	1	0
SRR7104607	1	0
SRR7104608	1	0
SRR7104609	1	0
SRR7104610	1	0
SRR7104611	1	0
SRR7104612	1	0
SRR7104613	1	0
SRR7104614	1	0
SRR7104615	1	0
SRR7104616	1	0
SRR7104617	1	0
SRR7104618	1	0
SRR7104619	1	0
SRR7104620	1	0
SRR7104621	1	0
SRR7104622	1	0
SRR7104623	1	0
SRR7104624	1	0
SRR7104625	1	0
SRR7104626	1	0
SRR7104627	1	0
SRR7104628	1	0
SRR7104629	1	0
SRR7104630	1	0
SRR7104631	1	0
SRR7104632	1	0
SRR7104633	1	0
SRR7104634	1	0
SRR7104635	1	0
SRR7104636	1	0
SRR7104637	1	0
SRR7104638	1	0
SRR7104639	1	0
SRR7104640	1	0
SRR7104641	1	0
SRR7104642	1	0
SRR7104643	1	0
SRR7104644	1	0
SRR7104645	1	0
SRR7104646	1	0
SRR7104647	1	0
SRR7104648	1	0
SRR7104649	1	0
SRR7104650	1	0
SRR7104651	1	0
SRR7104652	1	0
SRR7104653	1	0
SRR7104654	1	0
SRR7104655	1	0
SRR7104656	1	0
SRR7104657	1	0
SRR7104658	1	0
SRR7104659	1	0
SRR7104660	1	0
SRR7104661	1	0
SRR7104662	1	0
SRR7104663	1	0
SRR7104664	1	0
SRR7104665	1	0
SRR7104666	1	0
SRR7104667	1	0
SRR7104668	1	0
SRR7104669	1	0
SRR7104670	1	0
SRR7104671	1	0
SRR7104672	1	0
SRR7104673	1	0
SRR7104674	1	0
SRR7104675	1	0
SRR7104676	1	0
SRR7104677	1	0
SRR7104678	1	0
SRR7104679	1	0
SRR7104680	1	0
SRR7104681	1	0
SRR7104682	1	0
SRR7104683	1	0
SRR7104684	1	0
SRR7104685	1	0
SRR7104686	1	0
SRR7104687	1	0
SRR7104688	1	0
SRR7104689	1	0
SRR7104690	1	0
SRR7104691	1	0
SRR7104692	1	0
SRR7104693	1	0
SRR7104694	1	0
SRR7104695	1	0
SRR7104696	1	0
SRR7104697	1	0
SRR7104698	1	0
SRR7104699	1	0
SRR7104700	1	0
SRR7104701	1	0
SRR7104702	1	0
SRR7104703	0	0
SRR7104704	0	0
SRR7104705	0	0
SRR7104706	0	0
SRR7104707	0	0
SRR7104708	0	0
SRR7104709	0	0
SRR7104710	0	0
SRR7104711	0	0
SRR7104712	0	0
SRR7104713	0	0
SRR7104714	0	0
SRR7104715	0	0
SRR7104716	0	0
SRR7104717	0	0
SRR7104718	0	0
SRR7104719	0	0
SRR7104720	0	0
SRR7104721	0	0
SRR7104722	0	0
SRR7104723	0	0
SRR7104724	0	0
SRR7104725	0	0
SRR7104726	0	0
SRR7104727	0	0
SRR7104728	0	0
SRR7104729	0	0
SRR7104730	0	0
SRR7104731	0	0
SRR7104732	0	0
SRR7104733	0	0
SRR7104734	0	0
SRR7104735	0	0
SRR7104736	0	0
SRR7104737	0	0
SRR7104738	0	0
SRR7104739	0	0
SRR7104740	0	0
SRR7104741	0	0
SRR7104742	0	0
SRR7104743	0	0
SRR7104744	0	0
SRR7104745	0	0
SRR7104746	0	0
SRR7104747	0	0
SRR7104748	0	0
SRR7104749	0	0
SRR7104750	0	0
SRR7104751	0	0
SRR7104752	0	0
SRR7104753	0	0
SRR7104754	0	0
SRR7104755	0	0
SRR7104756	0	0
SRR7104757	0	0
SRR7104758	0	0
SRR7104759	0	0
SRR7104760	0	0
SRR7104761	0	0
SRR7104762	0	0
SRR7104763	0	0
SRR7104764	0	0
SRR7104765	0	0
SRR7104766	0	0
SRR7104767	0	0
SRR7104768	0	0
SRR7104769	0	0
SRR7104770	0	0
SRR7104771	0	0
SRR7104772	0	0
SRR7104773	0	0
SRR7104774	0	0
SRR7104775	0	0
SRR7104776	0	0
SRR7104777	0	0
SRR7104778	0	0
SRR7104779	0	0
SRR7104780	0	0
SRR7104781	0	0
SRR7104782	0	0
SRR7104783	0	0
SRR7104784	0	0
SRR7104785	0	0
SRR7104786	0	0
SRR7104787	0	0
SRR7104788	0	0
SRR7104789	0	0
SRR7104790	0	0
SRR7104791	0	0
SRR7104792	0	0
SRR7104793	0	0
SRR7104794	0	0
SRR7104795	0	0
SRR7104796	0	0
SRR7104797	0	0
SRR7104798	0	0
SRR7104799	0	0
SRR7104800	0	0
SRR7104801	0	0
SRR7104802	0	0
SRR7104803	0	0
SRR7104804	0	0
SRR7104805	0	0
SRR7104806	0	0
SRR7104807	0	0
SRR7104808	0	0
SRR7104809	0	0
SRR7104810	0	0
SRR7104811	0	0
SRR7104812	0	0
SRR7104813	0	0
SRR7104814	0	0
SRR7104815	0	0
SRR7104816	0	0
SRR7104817	0	0
SRR7104818	0	0
SRR7104819	0	0
SRR7104820	0	0
SRR7104821	0	0
SRR7104822	0	0
SRR7104823	0	0
SRR7104824	0	0
SRR7104825	0	0
SRR7104826	0	0
SRR7104827	0	0
SRR7104828	0	0
SRR7104829	0	0
SRR7104830	0	0
SRR7104831	0	0
SRR7104832	0	0
SRR7104833	0	0
SRR7104834	0	0
SRR7104835	0	0
SRR7104836	0	0
SRR7104837	0	0
SRR7104838	0	0
SRR7104839	0	0
SRR7104840	0	0
SRR7104841	0	0
SRR7104842	0	0
SRR7104843	0	0
SRR7104844	0	0
SRR7104845	0	0
SRR7104846	0	0
SRR7104847	0	0
SRR7104848	0	0
SRR7104849	0	0
SRR7104850	0	0
SRR7104851	0	0
SRR7104852	0	0
SRR7104853	0	0
SRR7104854	0	0
SRR7104855	0	0
SRR7104856	0	0
SRR7104857	0	0
SRR7104858	0	0
SRR7104859	0	0
SRR7104860	0	0
SRR7104861	0	0
SRR7104862	0	0
SRR7104863	0	0
SRR7104864	0	0
SRR7104865	0	0
SRR7104866	0	0
SRR7104867	0	0
SRR7104868	0	0
SRR7104869	0	0
SRR7104870	0	0
SRR7104871	0	0
SRR7104872	0	0
SRR7104873	0	0
SRR7104874	0	0
SRR7104875	0	0
SRR7104876	0	0
SRR7104877	0	0
SRR7104878	0	0
SRR7104879	0	0
SRR7104880	0	0
SRR7104881	0	0
SRR7104882	0	0
SRR7104883	0	0
SRR7104884	0	0
SRR7104885	0	0
SRR7104886	0	0
SRR7104887	0	0
SRR7104888	0	0
SRR7104889	0	0
SRR7104890	0	0
SRR7104891	0	0
SRR7104892	0	0
SRR7104893	0	0
SRR7104894	0	0
SRR7104895	0	0
SRR7104896	0	0
SRR7104897	0	0
SRR7104898	0	0
SRR7104899	0	0
SRR7104900	0	0
SRR7104901	0	0
SRR7104902	0	0
SRR7104903	0	0
SRR7104904	0	0
SRR7104905	0	0
SRR7104906	0	0
SRR7104907	0	0
SRR7104908	0	0
SRR7104909	0	0
SRR7104910	0	0
SRR7104911	0	0
SRR7104912	0	0
SRR7104913	0	0
SRR7104914	0	0
SRR7104915	0	0
SRR7104916	0	0
SRR7104917	0	0
SRR7104918	0	0
SRR7104919	0	0
SRR7104920	0	0
SRR7104921	0	0
SRR7104922	0	0
SRR7104923	0	0
SRR7104924	0	0
SRR7104925	0	0
SRR7104926	0	0
SRR7104927	0	0
SRR7104928	0	0
SRR7104929	0	0
SRR7104930	0	0
SRR7104931	0	0
SRR7104932	0	0
SRR7104933	0	0
SRR7104934	0	0
SRR7104935	0	0
SRR7104936	0	0
SRR7104937	0	0
SRR7104938	0	0
SRR7104939	0	0
SRR7104940	0	0
SRR7104941	0	0
SRR7104942	0	0
SRR7104943	0	0
SRR7104944	0	0
SRR7104945	0	0
SRR7104946	0	0
SRR7104947	0	0
SRR7104948	0	0
SRR7104949	0	0
SRR7104950	0	0
SRR7104951	0	0
SRR7104952	0	0
SRR7104953	0	0
SRR7104954	0	0
SRR7104955	0	0
SRR7104956	0	0
SRR7104957	0	0
SRR7104958	0	0
SRR7104959	0	0
SRR7104960	0	0
SRR7104961	0	0
SRR7104962	0	0
SRR7104963	0	0
SRR7104966	0	0
SRR7104967	0	0
SRR7104972	0	0
SRR7104974	0	0
SRR7104977	0	0
SRR7104979	0	0
SRR7104981	0	0
SRR7104982	0	0
SRR7104984	0	0
SRR7104986	0	0
SRR7104989	0	0
SRR7104993	0	0
SRR7104996	0	0
SRR7104998	0	0
SRR7105000	0	0
SRR7105002	0	0
SRR7105004	0	0
SRR7105007	0	0
SRR7105009	0	0
SRR7105011	0	0
SRR7105013	0	0
SRR7105016	0	0
SRR7105018	0	0
SRR7105021	0	0
SRR7105023	0	0
SRR7105026	0	0
SRR7105028	0	0
SRR7105030	0	0
SRR7105032	0	0
SRR7105033	0	0
SRR7105035	0	0
SRR7105037	0	0
SRR7105038	0	0
SRR7105041	0	0
SRR7105045	0	0
SRR7105047	0	0
SRR7105049	0	0
SRR7105051	0	0
SRR7105053	0	0
SRR7105055	0	0
SRR7105057	0	0
SRR7105059	0	0
SRR7105060	0	0
SRR7105063	0	0
SRR7105065	0	0
SRR7105068	0	0
SRR7105070	0	0
SRR7104964	0	0
SRR7104965	0	0
SRR7104968	0	0
SRR7104969	0	0
SRR7104970	0	0
SRR7104971	0	0
SRR7104973	0	0
SRR7104975	0	0
SRR7104976	0	0
SRR7104978	0	0
SRR7104980	0	0
SRR7104983	0	0
SRR7104985	0	0
SRR7104987	0	0
SRR7104988	0	0
SRR7104990	0	0
SRR7104991	0	0
SRR7104992	0	0
SRR7104994	0	0
SRR7104995	0	0
SRR7104997	0	0
SRR7104999	0	0
SRR7105001	0	0
SRR7105003	0	0
SRR7105005	0	0
SRR7105006	0	0
SRR7105008	0	0
SRR7105010	0	0
SRR7105012	0	0
SRR7105014	0	0
SRR7105015	0	0
SRR7105017	0	0
SRR7105019	0	0
SRR7105020	0	0
SRR7105022	0	0
SRR7105024	0	0
SRR7105025	0	0
SRR7105027	0	0
SRR7105029	0	0
SRR7105031	0	0
SRR7105034	0	0
SRR7105036	0	0
SRR7105039	0	0
SRR7105040	0	0
SRR7105042	0	0
SRR7105043	0	0
SRR7105044	0	0
SRR7105046	0	0
SRR7105048	0	0
SRR7105050	0	0
SRR7105052	0	0
SRR7105054	0	0
SRR7105056	0	0
SRR7105058	0	0
SRR7105061	0	0
SRR7105062	0	0
SRR7105064	0	0
SRR7105066	0	0
SRR7105067	0	0
SRR7105069	0	0
